Style,Standard
Append Mode,1
Fill Mode,1
Capacity,100000
Count,133
Base Time Seconds,1790314382
Base Time Fractional,.687333700
Base Time,09/25/2026 05:33:02.687333700
Index,Reading,Unit,Range Digits,Disp Digits,Math,Start Group,Limit1 High,Limit1 Low,Limit2 High,Limit2 Low,Terminal,Questionable,Origin,Value,Unit,Digits,Output,Sense,Source Limit,Overtemp,Date,Time,Fractional Seconds
1,-190.9480285645,Volt DC,100,5.5,F,F,F,F,F,F,Front,F,Main,-0.0000014987480,Amp DC,.0001,T,2W,F,F,09/25/2026,05:33:02,.687333700
2,-165.6967010498,Volt DC,100,5.5,F,F,F,F,F,F,Front,F,Main,-0.0000009990495,Amp DC,.0001,T,2W,F,F,09/25/2026,05:33:02,.757774920
3,-110.1170272827,Volt DC,100,5.5,F,F,F,F,F,F,Front,F,Main,-0.0000004980296,Amp DC,.0001,T,2W,F,F,09/25/2026,05:33:02,.828222820
4,-48.16006469727,Volt DC,100,5.5,F,F,F,F,F,F,Front,F,Main,0.0000000012113,Amp DC,.0001,T,2W,F,F,09/25/2026,05:33:02,.898656700
5,0.208012893796,Volt DC,1,5.5,F,F,F,F,F,F,Front,F,Main,0.0000004954144,Amp DC,.0001,T,2W,F,F,09/25/2026,05:33:03,.043988940
6,3.029789924622,Volt DC,10,5.5,F,F,F,F,F,F,Front,F,Main,0.0000009949791,Amp DC,.0001,T,2W,F,F,09/25/2026,05:33:03,.266757340
7,5.022186756134,Volt DC,10,5.5,F,F,F,F,F,F,Front,F,Main,0.0000014990648,Amp DC,.0001,T,2W,F,F,09/25/2026,05:33:03,.337239300
8,6.963628292084,Volt DC,10,5.5,F,F,F,F,F,F,Front,F,Main,0.0000020000718,Amp DC,.0001,T,2W,F,F,09/25/2026,05:33:03,.407676340
9,8.823858261108,Volt DC,10,5.5,F,F,F,F,F,F,Front,F,Main,0.0000024994256,Amp DC,.0001,T,2W,F,F,09/25/2026,05:33:03,.478107560
10,10.62369728088,Volt DC,10,5.5,F,F,F,F,F,F,Front,F,Main,0.0000029989947,Amp DC,.0001,T,2W,F,F,09/25/2026,05:33:03,.548560340
11,12.3329076767,Volt DC,10,5.5,F,F,F,F,F,F,Front,F,Main,0.0000035000983,Amp DC,.0001,T,2W,F,F,09/25/2026,05:33:03,.619007880
12,13.96819496155,Volt DC,10,5.5,F,F,F,F,F,F,Front,F,Main,0.0000039994447,Amp DC,.0001,T,2W,F,F,09/25/2026,05:33:03,.689475180
13,15.60485553741,Volt DC,10,5.5,F,F,F,F,F,F,Front,F,Main,0.0000044989674,Amp DC,.0001,T,2W,F,F,09/25/2026,05:33:03,.759930080
14,17.21385574341,Volt DC,10,5.5,F,F,F,F,F,F,Front,F,Main,0.0000049997375,Amp DC,.0001,T,2W,F,F,09/25/2026,05:33:03,.830375000
15,18.89772415161,Volt DC,10,5.5,F,F,F,F,F,F,Front,F,Main,0.0000054990478,Amp DC,.0001,T,2W,F,F,09/25/2026,05:33:03,.900850300
16,20.57275772095,Volt DC,10,5.5,F,F,F,F,F,F,Front,F,Main,0.0000059984204,Amp DC,.0001,T,2W,F,F,09/25/2026,05:33:03,.971294200
17,22.17001724243,Volt DC,100,5.5,F,F,F,F,F,F,Front,F,Main,0.0000065003792,Amp DC,.0001,T,2W,F,F,09/25/2026,05:33:04,.118432380
18,23.72311592102,Volt DC,100,5.5,F,F,F,F,F,F,Front,F,Main,0.0000069998232,Amp DC,.0001,T,2W,F,F,09/25/2026,05:33:04,.188907700
19,25.1761932373,Volt DC,100,5.5,F,F,F,F,F,F,Front,F,Main,0.0000074993200,Amp DC,.0001,T,2W,F,F,09/25/2026,05:33:04,.259367420
20,26.7276725769,Volt DC,100,5.5,F,F,F,F,F,F,Front,F,Main,0.0000080003192,Amp DC,.0001,T,2W,F,F,09/25/2026,05:33:04,.329798720
21,28.27918434143,Volt DC,100,5.5,F,F,F,F,F,F,Front,F,Main,0.0000084997973,Amp DC,.0001,T,2W,F,F,09/25/2026,05:33:04,.400234740
22,29.8452129364,Volt DC,100,5.5,F,F,F,F,F,F,Front,F,Main,0.0000089990899,Amp DC,.0001,T,2W,F,F,09/25/2026,05:33:04,.470668120
23,31.45894050598,Volt DC,100,5.5,F,F,F,F,F,F,Front,F,Main,0.0000095004498,Amp DC,.0001,T,2W,F,F,09/25/2026,05:33:04,.541084460
24,32.96510696411,Volt DC,100,5.5,F,F,F,F,F,F,Front,F,Main,0.0000099999943,Amp DC,.0001,T,2W,F,F,09/25/2026,05:33:04,.611513060
25,34.28207015991,Volt DC,100,5.5,F,F,F,F,F,F,Front,F,Main,0.0000104993214,Amp DC,.0001,T,2W,F,F,09/25/2026,05:33:04,.681951100
26,35.91025924683,Volt DC,100,5.5,F,F,F,F,F,F,Front,F,Main,0.0000110001083,Amp DC,.0001,T,2W,F,F,09/25/2026,05:33:04,.752389020
27,37.2495880127,Volt DC,100,5.5,F,F,F,F,F,F,Front,F,Main,0.0000114996965,Amp DC,.0001,T,2W,F,F,09/25/2026,05:33:04,.822826680
28,38.92881774902,Volt DC,100,5.5,F,F,F,F,F,F,Front,F,Main,0.0000119991482,Amp DC,.0001,T,2W,F,F,09/25/2026,05:33:04,.893244280
29,40.50974655151,Volt DC,100,5.5,F,F,F,F,F,F,Front,F,Main,0.0000125003244,Amp DC,.0001,T,2W,F,F,09/25/2026,05:33:04,.963671660
30,41.89649581909,Volt DC,100,5.5,F,F,F,F,F,F,Front,F,Main,0.0000129995469,Amp DC,.0001,T,2W,F,F,09/25/2026,05:33:05,.034101340
31,43.31713867188,Volt DC,100,5.5,F,F,F,F,F,F,Front,F,Main,0.0000134990250,Amp DC,.0001,T,2W,F,F,09/25/2026,05:33:05,.104563480
32,44.79187011719,Volt DC,100,5.5,F,F,F,F,F,F,Front,F,Main,0.0000140001794,Amp DC,.0001,T,2W,F,F,09/25/2026,05:33:05,.174980920
33,46.23517990112,Volt DC,100,5.5,F,F,F,F,F,F,Front,F,Main,0.0000144992791,Amp DC,.0001,T,2W,F,F,09/25/2026,05:33:05,.245426320
34,47.76956558228,Volt DC,100,5.5,F,F,F,F,F,F,Front,F,Main,0.0000149988509,Amp DC,.0001,T,2W,F,F,09/25/2026,05:33:05,.315863360
35,49.28634643555,Volt DC,100,5.5,F,F,F,F,F,F,Front,F,Main,0.0000155001126,Amp DC,.0001,T,2W,F,F,09/25/2026,05:33:05,.386283480
36,50.64334106445,Volt DC,100,5.5,F,F,F,F,F,F,Front,F,Main,0.0000159995634,Amp DC,.0001,T,2W,F,F,09/25/2026,05:33:05,.456733080
37,52.08385467529,Volt DC,100,5.5,F,F,F,F,F,F,Front,F,Main,0.0000164990652,Amp DC,.0001,T,2W,F,F,09/25/2026,05:33:05,.527191660
38,53.54572677612,Volt DC,100,5.5,F,F,F,F,F,F,Front,F,Main,0.0000170001604,Amp DC,.0001,T,2W,F,F,09/25/2026,05:33:05,.597674600
39,55.19676208496,Volt DC,100,5.5,F,F,F,F,F,F,Front,F,Main,0.0000174992638,Amp DC,.0001,T,2W,F,F,09/25/2026,05:33:05,.668107280
40,56.65124511719,Volt DC,100,5.5,F,F,F,F,F,F,Front,F,Main,0.0000180005609,Amp DC,.0001,T,2W,F,F,09/25/2026,05:33:05,.738570640
41,58.27130889893,Volt DC,100,5.5,F,F,F,F,F,F,Front,F,Main,0.0000184999790,Amp DC,.0001,T,2W,F,F,09/25/2026,05:33:05,.809008580
42,59.95174407959,Volt DC,100,5.5,F,F,F,F,F,F,Front,F,Main,0.0000189995208,Amp DC,.0001,T,2W,F,F,09/25/2026,05:33:05,.879461860
43,61.2709274292,Volt DC,100,5.5,F,F,F,F,F,F,Front,F,Main,0.0000195006087,Amp DC,.0001,T,2W,F,F,09/25/2026,05:33:05,.949909420
44,62.79858779907,Volt DC,100,5.5,F,F,F,F,F,F,Front,F,Main,0.0000200001614,Amp DC,.0001,T,2W,F,F,09/25/2026,05:33:06,.020369580
45,64.48960113525,Volt DC,100,5.5,F,F,F,F,F,F,Front,F,Main,0.0000204992466,Amp DC,.0001,T,2W,F,F,09/25/2026,05:33:06,.090815400
46,65.96214294434,Volt DC,100,5.5,F,F,F,F,F,F,Front,F,Main,0.0000210004364,Amp DC,.0001,T,2W,F,F,09/25/2026,05:33:06,.161256640
47,67.30360412598,Volt DC,100,5.5,F,F,F,F,F,F,Front,F,Main,0.0000214998890,Amp DC,.0001,T,2W,F,F,09/25/2026,05:33:06,.231709180
48,68.4538192749,Volt DC,100,5.5,F,F,F,F,F,F,Front,F,Main,0.0000219996982,Amp DC,.0001,T,2W,F,F,09/25/2026,05:33:06,.302155560
49,69.9387588501,Volt DC,100,5.5,F,F,F,F,F,F,Front,F,Main,0.0000225005297,Amp DC,.0001,T,2W,F,F,09/25/2026,05:33:06,.372615680
50,72.03261566162,Volt DC,100,5.5,F,F,F,F,F,F,Front,F,Main,0.0000229999987,Amp DC,.0001,T,2W,F,F,09/25/2026,05:33:06,.443060860
51,73.77059936523,Volt DC,100,5.5,F,F,F,F,F,F,Front,F,Main,0.0000234995678,Amp DC,.0001,T,2W,F,F,09/25/2026,05:33:06,.513503440
52,75.50370025635,Volt DC,100,5.5,F,F,F,F,F,F,Front,F,Main,0.0000240004010,Amp DC,.0001,T,2W,F,F,09/25/2026,05:33:06,.583951320
53,76.75597381592,Volt DC,100,5.5,F,F,F,F,F,F,Front,F,Main,0.0000244997573,Amp DC,.0001,T,2W,F,F,09/25/2026,05:33:06,.654428980
54,77.90735626221,Volt DC,100,5.5,F,F,F,F,F,F,Front,F,Main,0.0000249993009,Amp DC,.0001,T,2W,F,F,09/25/2026,05:33:06,.724863660
55,79.2886428833,Volt DC,100,5.5,F,F,F,F,F,F,Front,F,Main,0.0000255005380,Amp DC,.0001,T,2W,F,F,09/25/2026,05:33:06,.795304580
56,80.92716217041,Volt DC,100,5.5,F,F,F,F,F,F,Front,F,Main,0.0000259998724,Amp DC,.0001,T,2W,F,F,09/25/2026,05:33:06,.865749580
57,82.35131835938,Volt DC,100,5.5,F,F,F,F,F,F,Front,F,Main,0.0000264992941,Amp DC,.0001,T,2W,F,F,09/25/2026,05:33:06,.936175700
58,83.88971710205,Volt DC,100,5.5,F,F,F,F,F,F,Front,F,Main,0.0000270003475,Amp DC,.0001,T,2W,F,F,09/25/2026,05:33:07,.006625220
59,85.46806335449,Volt DC,100,5.5,F,F,F,F,F,F,Front,F,Main,0.0000274998420,Amp DC,.0001,T,2W,F,F,09/25/2026,05:33:07,.077076900
60,86.22661590576,Volt DC,100,5.5,F,F,F,F,F,F,Front,F,Main,0.0000279991255,Amp DC,.0001,T,2W,F,F,09/25/2026,05:33:07,.147532400
61,87.04191589355,Volt DC,100,5.5,F,F,F,F,F,F,Front,F,Main,0.0000285004680,Amp DC,.0001,T,2W,F,F,09/25/2026,05:33:07,.217969780
62,88.98954772949,Volt DC,100,5.5,F,F,F,F,F,F,Front,F,Main,0.0000289998825,Amp DC,.0001,T,2W,F,F,09/25/2026,05:33:07,.288405360
63,90.64170074463,Volt DC,100,5.5,F,F,F,F,F,F,Front,F,Main,0.0000294992260,Amp DC,.0001,T,2W,F,F,09/25/2026,05:33:07,.358866940
64,92.02921295166,Volt DC,100,5.5,F,F,F,F,F,F,Front,F,Main,0.0000300001211,Amp DC,.0001,T,2W,F,F,09/25/2026,05:33:07,.429324460
65,93.72901916504,Volt DC,100,5.5,F,F,F,F,F,F,Front,F,Main,0.0000304996429,Amp DC,.0001,T,2W,F,F,09/25/2026,05:33:07,.499779780
66,95.01826477051,Volt DC,100,5.5,F,F,F,F,F,F,Front,F,Main,0.0000309990683,Amp DC,.0001,T,2W,F,F,09/25/2026,05:33:07,.570284080
67,96.07273864746,Volt DC,100,5.5,F,F,F,F,F,F,Front,F,Main,0.0000315003272,Amp DC,.0001,T,2W,F,F,09/25/2026,05:33:07,.640729640
68,97.62364959717,Volt DC,100,5.5,F,F,F,F,F,F,Front,F,Main,0.0000319997707,Amp DC,.0001,T,2W,F,F,09/25/2026,05:33:07,.711177080
69,99.20093536377,Volt DC,100,5.5,F,F,F,F,F,F,Front,F,Main,0.0000324992689,Amp DC,.0001,T,2W,F,F,09/25/2026,05:33:07,.781629060
70,100.6190338135,Volt DC,100,5.5,F,F,F,F,F,F,Front,F,Main,0.0000330004259,Amp DC,.0001,T,2W,F,F,09/25/2026,05:33:07,.852065960
71,101.8478622437,Volt DC,100,5.5,F,F,F,F,F,F,Front,F,Main,0.0000334996148,Amp DC,.0001,T,2W,F,F,09/25/2026,05:33:07,.922541820
72,103.6218185425,Volt DC,100,5.5,F,F,F,F,F,F,Front,F,Main,0.0000339989710,Amp DC,.0001,T,2W,F,F,09/25/2026,05:33:07,.993003520
73,105.1215209961,Volt DC,100,5.5,F,F,F,F,F,F,Front,F,Main,0.0000345001099,Amp DC,.0001,T,2W,F,F,09/25/2026,05:33:08,.063472760
74,106.5895004272,Volt DC,100,5.5,F,F,F,F,F,F,Front,F,Main,0.0000349995062,Amp DC,.0001,T,2W,F,F,09/25/2026,05:33:08,.133912400
75,108.505065918,Volt DC,100,5.5,F,F,F,F,F,F,Front,F,Main,0.0000354990771,Amp DC,.0001,T,2W,F,F,09/25/2026,05:33:08,.204366680
76,109.7947998047,Volt DC,100,5.5,F,F,F,F,F,F,Front,F,Main,0.0000360001504,Amp DC,.0001,T,2W,F,F,09/25/2026,05:33:08,.274800460
77,110.6496963501,Volt DC,100,5.5,F,F,F,F,F,F,Front,F,Main,0.0000364992738,Amp DC,.0001,T,2W,F,F,09/25/2026,05:33:08,.345254760
78,112.1805953979,Volt DC,100,5.5,F,F,F,F,F,F,Front,F,Main,0.0000369987974,Amp DC,.0001,T,2W,F,F,09/25/2026,05:33:08,.415712400
79,114.0264205933,Volt DC,100,5.5,F,F,F,F,F,F,Front,F,Main,0.0000374998563,Amp DC,.0001,T,2W,F,F,09/25/2026,05:33:08,.486167760
80,115.7302856445,Volt DC,100,5.5,F,F,F,F,F,F,Front,F,Main,0.0000379994053,Amp DC,.0001,T,2W,F,F,09/25/2026,05:33:08,.556617740
81,117.2643585205,Volt DC,100,5.5,F,F,F,F,F,F,Front,F,Main,0.0000384987943,Amp DC,.0001,T,2W,F,F,09/25/2026,05:33:08,.627058760
82,119.2735290527,Volt DC,100,5.5,F,F,F,F,F,F,Front,F,Main,0.0000390001005,Amp DC,.0001,T,2W,F,F,09/25/2026,05:33:08,.697523020
83,120.227897644,Volt DC,100,5.5,F,F,F,F,F,F,Front,F,Main,0.0000394993367,Amp DC,.0001,T,2W,F,F,09/25/2026,05:33:08,.767974200
84,120.7830429077,Volt DC,100,5.5,F,F,F,F,F,F,Front,F,Main,0.0000399986129,Amp DC,.0001,T,2W,F,F,09/25/2026,05:33:08,.838425960
85,122.5827941895,Volt DC,100,5.5,F,F,F,F,F,F,Front,F,Main,0.0000404996608,Amp DC,.0001,T,2W,F,F,09/25/2026,05:33:08,.908872940
86,124.5162506104,Volt DC,100,5.5,F,F,F,F,F,F,Front,F,Main,0.0000409992681,Amp DC,.0001,T,2W,F,F,09/25/2026,05:33:08,.979303140
87,126.0228271484,Volt DC,100,5.5,F,F,F,F,F,F,Front,F,Main,0.0000415003087,Amp DC,.0001,T,2W,F,F,09/25/2026,05:33:09,.049766020
88,127.247428894,Volt DC,100,5.5,F,F,F,F,F,F,Front,F,Main,0.0000419996941,Amp DC,.0001,T,2W,F,F,09/25/2026,05:33:09,.120211480
89,128.7266998291,Volt DC,100,5.5,F,F,F,F,F,F,Front,F,Main,0.0000424992795,Amp DC,.0001,T,2W,F,F,09/25/2026,05:33:09,.190673280
90,129.6813812256,Volt DC,100,5.5,F,F,F,F,F,F,Front,F,Main,0.0000430001746,Amp DC,.0001,T,2W,F,F,09/25/2026,05:33:09,.261134400
91,131.1963500977,Volt DC,100,5.5,F,F,F,F,F,F,Front,F,Main,0.0000434994072,Amp DC,.0001,T,2W,F,F,09/25/2026,05:33:09,.331554540
92,133.4381561279,Volt DC,100,5.5,F,F,F,F,F,F,Front,F,Main,0.0000439990326,Amp DC,.0001,T,2W,F,F,09/25/2026,05:33:09,.401987260
93,135.4031677246,Volt DC,100,5.5,F,F,F,F,F,F,Front,F,Main,0.0000445003388,Amp DC,.0001,T,2W,F,F,09/25/2026,05:33:09,.472448420
94,137.0225982666,Volt DC,100,5.5,F,F,F,F,F,F,Front,F,Main,0.0000449997569,Amp DC,.0001,T,2W,F,F,09/25/2026,05:33:09,.542895080
95,138.5923919678,Volt DC,100,5.5,F,F,F,F,F,F,Front,F,Main,0.0000454990441,Amp DC,.0001,T,2W,F,F,09/25/2026,05:33:09,.613342860
96,139.5475158691,Volt DC,100,5.5,F,F,F,F,F,F,Front,F,Main,0.0000459999392,Amp DC,.0001,T,2W,F,F,09/25/2026,05:33:09,.683788320
97,141.2436065674,Volt DC,100,5.5,F,F,F,F,F,F,Front,F,Main,0.0000464993791,Amp DC,.0001,T,2W,F,F,09/25/2026,05:33:09,.754233100
98,143.4147338867,Volt DC,100,5.5,F,F,F,F,F,F,Front,F,Main,0.0000469987281,Amp DC,.0001,T,2W,F,F,09/25/2026,05:33:09,.824694240
99,144.9804077148,Volt DC,100,5.5,F,F,F,F,F,F,Front,F,Main,0.0000474999943,Amp DC,.0001,T,2W,F,F,09/25/2026,05:33:09,.895135020
100,146.5016479492,Volt DC,100,5.5,F,F,F,F,F,F,Front,F,Main,0.0000479993469,Amp DC,.0001,T,2W,F,F,09/25/2026,05:33:09,.965598940
101,146.7340240479,Volt DC,100,5.5,F,F,F,F,F,F,Front,F,Main,0.0000484986558,Amp DC,.0001,T,2W,F,F,09/25/2026,05:33:10,.036035840
102,148.2206115723,Volt DC,100,5.5,F,F,F,F,F,F,Front,F,Main,0.0000489995291,Amp DC,.0001,T,2W,F,F,09/25/2026,05:33:10,.106506980
103,150.3864440918,Volt DC,100,5.5,F,F,F,F,F,F,Front,F,Main,0.0000494989181,Amp DC,.0001,T,2W,F,F,09/25/2026,05:33:10,.176946100
104,151.9761352539,Volt DC,100,5.5,F,F,F,F,F,F,Front,F,Main,0.0000499983544,Amp DC,.0001,T,2W,F,F,09/25/2026,05:33:10,.247373520
105,153.0429229736,Volt DC,100,5.5,F,F,F,F,F,F,Front,F,Main,0.0000504997770,Amp DC,.0001,T,2W,F,F,09/25/2026,05:33:10,.317816320
106,154.7223510742,Volt DC,100,5.5,F,F,F,F,F,F,Front,F,Main,0.0000509993333,Amp DC,.0001,T,2W,F,F,09/25/2026,05:33:10,.388285820
107,155.6414031982,Volt DC,100,5.5,F,F,F,F,F,F,Front,F,Main,0.0000514985768,Amp DC,.0001,T,2W,F,F,09/25/2026,05:33:10,.458734440
108,157.8613433838,Volt DC,100,5.5,F,F,F,F,F,F,Front,F,Main,0.0000519996029,Amp DC,.0001,T,2W,F,F,09/25/2026,05:33:10,.529187200
109,160.2053833008,Volt DC,100,5.5,F,F,F,F,F,F,Front,F,Main,0.0000524988427,Amp DC,.0001,T,2W,F,F,09/25/2026,05:33:10,.599652860
110,162.3044128418,Volt DC,100,5.5,F,F,F,F,F,F,Front,F,Main,0.0000529981698,Amp DC,.0001,T,2W,F,F,09/25/2026,05:33:10,.670089880
111,164.1056060791,Volt DC,100,5.5,F,F,F,F,F,F,Front,F,Main,0.0000534995052,Amp DC,.0001,T,2W,F,F,09/25/2026,05:33:10,.740546800
112,166.1534881592,Volt DC,100,5.5,F,F,F,F,F,F,Front,F,Main,0.0000539989342,Amp DC,.0001,T,2W,F,F,09/25/2026,05:33:10,.811002760
113,167.3122558594,Volt DC,100,5.5,F,F,F,F,F,F,Front,F,Main,0.0000544985378,Amp DC,.0001,T,2W,F,F,09/25/2026,05:33:10,.881438760
114,169.1600189209,Volt DC,100,5.5,F,F,F,F,F,F,Front,F,Main,0.0000549993310,Amp DC,.0001,T,2W,F,F,09/25/2026,05:33:10,.951885460
115,169.8989868164,Volt DC,100,5.5,F,F,F,F,F,F,Front,F,Main,0.0000554984836,Amp DC,.0001,T,2W,F,F,09/25/2026,05:33:11,.022354000
116,171.4396209717,Volt DC,100,5.5,F,F,F,F,F,F,Front,F,Main,0.0000559979962,Amp DC,.0001,T,2W,F,F,09/25/2026,05:33:11,.092808740
117,173.3274383545,Volt DC,100,5.5,F,F,F,F,F,F,Front,F,Main,0.0000564994298,Amp DC,.0001,T,2W,F,F,09/25/2026,05:33:11,.163247740
118,175.2183380127,Volt DC,100,5.5,F,F,F,F,F,F,Front,F,Main,0.0000569988770,Amp DC,.0001,T,2W,F,F,09/25/2026,05:33:11,.233707280
119,175.9880218506,Volt DC,100,5.5,F,F,F,F,F,F,Front,F,Main,0.0000574981277,Amp DC,.0001,T,2W,F,F,09/25/2026,05:33:11,.304151640
120,177.210723877,Volt DC,100,5.5,F,F,F,F,F,F,Front,F,Main,0.0000579991793,Amp DC,.0001,T,2W,F,F,09/25/2026,05:33:11,.374616940
121,179.8260955811,Volt DC,100,5.5,F,F,F,F,F,F,Front,F,Main,0.0000584984773,Amp DC,.0001,T,2W,F,F,09/25/2026,05:33:11,.445049360
122,182.4433898926,Volt DC,100,5.5,F,F,F,F,F,F,Front,F,Main,0.0000589976407,Amp DC,.0001,T,2W,F,F,09/25/2026,05:33:11,.515479540
123,184.5107269287,Volt DC,100,5.5,F,F,F,F,F,F,Front,F,Main,0.0000594989142,Amp DC,.0001,T,2W,F,F,09/25/2026,05:33:11,.585925500
124,185.9311065674,Volt DC,100,5.5,F,F,F,F,F,F,Front,F,Main,0.0000599985651,Amp DC,.0001,T,2W,F,F,09/25/2026,05:33:11,.656394000
125,188.6109466553,Volt DC,100,5.5,F,F,F,F,F,F,Front,F,Main,0.0000604979577,Amp DC,.0001,T,2W,F,F,09/25/2026,05:33:11,.726847800
126,191.0378417969,Volt DC,100,5.5,F,F,F,F,F,F,Front,F,Main,0.0000609988965,Amp DC,.0001,T,2W,F,F,09/25/2026,05:33:11,.797298880
127,191.4913787842,Volt DC,100,5.5,F,F,F,F,F,F,Front,F,Main,0.0000614984310,Amp DC,.0001,T,2W,F,F,09/25/2026,05:33:11,.867749860
128,191.1464996338,Volt DC,100,5.5,F,F,F,F,F,F,Front,F,Main,0.0000619975617,Amp DC,.0001,T,2W,F,F,09/25/2026,05:33:11,.938187300
129,192.1858520508,Volt DC,100,5.5,F,F,F,F,F,F,Front,F,Main,0.0000624987370,Amp DC,.0001,T,2W,F,F,09/25/2026,05:33:12,.008643160
130,193.6519165039,Volt DC,100,5.5,F,F,F,F,F,F,Front,F,Main,0.0000629983042,Amp DC,.0001,T,2W,F,F,09/25/2026,05:33:12,.079092900
131,195.2179870605,Volt DC,100,5.5,F,F,F,F,F,F,Front,F,Main,0.0000634978715,Amp DC,.0001,T,2W,F,F,09/25/2026,05:33:12,.149554900
132,196.5152282715,Volt DC,100,5.5,F,F,F,F,F,F,Front,F,Main,0.0000639988575,Amp DC,.0001,T,2W,F,F,09/25/2026,05:33:12,.219991900
133,199.6944732666,Volt DC,100,5.5,F,F,F,F,F,F,Front,F,Main,0.0000644980682,Amp DC,.0001,T,2W,T,F,09/25/2026,05:33:12,.290427940
