k,dir,t_start,duration,n,n_dropped,n_glitch,Vmin,Vmax,sigma_I,sigma_b,a_i,b_i,Vf,dVf,Vp,Te,Te_r2,Te_Vlo,Te_Vhi,Te_npts,Te_lo,Te_hi,te_alpha,te_beta,Ies,Iis,Iis_vf,ne,ni,lambdaD,Vp_expected,I_lo,I_hi,dIdV_max,hysteresis,flags
0,up,0.0,8.157999992370605,679,0,0,0.6946545839309692,9.992658615112305,1.0491591381171046e-08,1.5362273437689128e-08,,,,,,,,,,,,,,,,,,,,,,3.310883348880663e-07,2.1681621547245723e-06,,,partial_sweep
1,down,8.170000076293945,17.910999298095703,1457,0,0,-9.981837272644043,9.992658615112305,6.57753429443429e-09,9.627706185852445e-09,-6.96902500056407e-10,6.9229716088528064e-09,-3.1520441982855556,0.26180795840773935,,2.259957509044218,0.9821772020954638,-2.128681182861328,3.87241530418396,438.0,1.769258375319288,2.980169111572631,-15.799110821847975,0.4424861954253823,2.094081064226936e-06,-6.625874985220156e-08,-2.2518414994636515e-08,5196515107249.032,29018151538060.2,0.004902450393484901,8.5392491063378,-6.802887393846516e-08,2.161247467438726e-06,3.984750288656849e-07,,vp_beyond_range;not_saturated;te_nonexponential
2,up,26.089000701904297,17.773998260498047,1457,0,0,-9.987115859985352,9.991905212402344,6.937696975280884e-09,1.0152585519512073e-08,5.255304118014865e-08,1.2066005953862172e-08,-4.808881127366683,0.35090032581524333,,2.2168219154936986,0.9756377797754046,-2.352647542953491,3.4011054039001465,420.0,1.667928195685026,3.0241719895946435,-15.634101640265209,0.45109622609324235,2.0270297064047884e-06,-6.170088839076222e-08,-5.470947134073182e-09,5078828543025.596,27283661818697.934,0.004911371608676095,6.6592615763936385,-6.582748334962953e-08,2.1978522080607145e-06,3.8009280819830797e-07,0.5,vp_beyond_range;not_saturated;te_nonexponential
3,down,43.86399841308594,17.816001892089844,1457,0,0,-9.979575157165527,9.992658615112305,6.511713893207154e-09,9.53244272198697e-09,-8.472651834380039e-10,6.926782161774607e-09,-3.152127621757892,0.27838534382818436,,2.2569148973124404,0.9817291755117873,-2.15507435798645,3.859596014022827,439.0,1.762796348681197,2.9994786402599902,-15.782372083613794,0.4430827237618978,2.1050319302641622e-06,-6.586952199045064e-08,-2.2681366565467586e-08,5227209875433.556,28867127069360.234,0.004884743806067584,8.523425534643232,-6.743304027257371e-08,2.1720957747447317e-06,3.60220153011192e-07,0.5,vp_beyond_range;not_saturated;te_nonexponential
4,up,61.69200134277344,17.871002197265625,1457,0,0,-9.984853744506836,9.992658615112305,6.822831871665507e-09,9.985246627419802e-09,5.1720791696508456e-08,1.2001749118653695e-08,-4.774459824350809,0.38341136793051006,,2.2142566876920164,0.975011074621623,-2.378286838531494,3.3724496364593506,420.0,1.6565680259161588,3.0171486185677434,-15.618428394253216,0.4516188233995259,2.0304239372665596e-06,-6.18181704325606e-08,-5.581077292441345e-09,5090278963056.181,27351352631175.125,0.0049030052554825685,6.680412350869653,-6.565708908263571e-08,2.1997752984913728e-06,3.4889622857101136e-07,0.5,vp_beyond_range;not_saturated;te_nonexponential
5,down,79.57499694824219,17.81200408935547,1457,0,0,-9.983345985412598,9.992658615112305,6.3594572371731404e-09,9.307798149833898e-09,-5.672271127115746e-10,7.017044711887323e-09,-3.17505080699764,0.28060420858055546,,2.251408584146023,0.9817987214226035,-2.15507435798645,3.8316941261291504,437.0,1.7575176199662637,2.9776920595593874,-15.776498020977549,0.4441663796797274,2.110255254253736e-06,-6.655552344311088e-08,-2.284670058792794e-08,5246584511761.616,29203411516984.605,0.004869764848290262,8.472016892487563,-6.813159286960212e-08,2.1784787897084203e-06,3.967646815560746e-07,0.5,vp_beyond_range;not_saturated;te_nonexponential
6,up,97.40599822998047,17.705001831054688,1457,0,0,-9.984100341796875,9.993412971496582,6.603819840803197e-09,9.664721025806443e-09,5.058858263696808e-08,1.19247260777899e-08,-4.740559232518814,0.337785575742222,,2.214601963221714,0.9754501802192659,-2.419762134552002,3.3596301078796387,422.0,1.661484561319026,3.017875504794663,-15.606758585543602,0.4515484121332757,2.053514986725627e-06,-6.242406419094601e-08,-5.941287666356706e-09,5147766956474.105,27617276237615.29,0.004875931204651691,6.716099134465187,-6.599551828899548e-08,2.2209522404334085e-06,3.3712440291978103e-07,0.5,vp_beyond_range;not_saturated;te_nonexponential
7,down,115.12300109863281,17.811004638671875,1457,0,0,-9.978821754455566,9.992658615112305,6.305042923197908e-09,9.230247030465207e-09,-6.658612805705841e-11,7.10193840212814e-09,-3.164071912664452,0.28344338469072267,,2.25273361206998,0.9814876126000848,-2.125664710998535,3.846022129058838,436.0,1.7566261506975218,2.9907589237182326,-15.773425344161204,0.44390512692760203,2.1219340057944677e-06,-6.692356576083264e-08,-2.2537629951703764e-08,5274068846492.976,29356264822127.676,0.0048584886247391035,8.48985046883747,-6.899385929165631e-08,2.191490427420863e-06,4.049851450276702e-07,0.5,vp_beyond_range;not_saturated;te_nonexponential
8,up,132.93699645996094,17.843002319335938,1405,52,52,-9.983345985412598,9.992658615112305,1.5832587281466244e-08,2.2345214547392843e-08,5.2052395460202025e-08,1.2127241393896583e-08,-4.733075170178847,0.9375035575153431,,2.3986180214868056,0.9739655376572547,-2.173926830291748,4.033038139343262,453.0,1.7881067086495204,3.295031595543792,-15.600260363364,0.4169067317271888,,-6.309332275596899e-08,-5.346749664015006e-09,,26821279835424.617,,7.675541674488087,-6.701769208933711e-08,2.581564902380467e-06,1.0059703061408172e-06,,overrange_event;top_of_sweep_unreliable;te_nonexponential
9,down,150.8300018310547,17.834991455078125,1304,153,153,-9.978821754455566,9.992658615112305,9.307593984003989e-09,1.2193987563149488e-08,-1.3698459430210491e-08,7.808306958877438e-10,-2.4550013612865764,0.7255240572642413,,1.878495133849143,0.9961069083318329,-0.766783595085144,4.284905910491943,369.0,1.6695222001528145,2.1299012892366327,-16.228136288924258,0.5323410116857441,,-2.0829286231368293e-08,-1.5615399851549247e-08,,,,7.262897091780459,-2.1068884369984055e-08,2.609858449095425e-06,7.889271015464835e-07,,overrange_event;top_of_sweep_unreliable;iis_below_noise
10,up,168.6719970703125,17.843002319335938,1457,0,0,-9.985608100891113,9.992658615112305,1.4520476279861204e-09,2.1249983123302746e-09,1.1288888369085036e-08,3.1344518065954516e-09,-3.0977059481135933,0.22853123338069975,,1.8208741435748923,0.9581314829827526,-1.4334044456481934,3.1816635131835938,337.0,1.2634889932995015,2.8077789509642255,-18.00479208741764,0.5491867757739238,2.2187876353966633e-07,-1.870893506677498e-08,1.579278363718907e-09,613401189649.1237,9128212610213.078,0.012808162401423592,6.32210552982088,-1.9495313340417884e-08,2.638864221032783e-07,3.480309231871653e-08,1.34,vp_beyond_range;not_saturated;te_nonexponential
11,down,186.51499938964844,17.873001098632812,1457,0,0,-9.978821754455566,9.992658615112305,1.4283173406114722e-09,2.0909805139049304e-09,-9.384939734371649e-09,5.066091635211438e-10,-0.21043493897197846,0.27765990836371657,,2.267411407564497,0.9956692807069467,-0.20347380638122559,4.560151100158691,348.0,2.016376646743904,2.5944727477653484,-18.277011621880856,0.44103156430448315,2.6404714456066164e-07,-1.4184309265668066e-08,-9.491548002779866e-09,654161759820.5018,6201827348915.913,0.013840180533915171,11.519419141026457,-1.4293969084424292e-08,2.596286874572489e-07,5.363162226515569e-08,1.34,vp_beyond_range;not_saturated
12,up,204.4550018310547,17.856002807617188,1457,0,0,-9.983345985412598,9.991905212402344,1.2619118570682284e-09,1.8470230111993476e-09,1.5846363776009686e-09,1.5705946233723289e-09,-2.01734802198933,0.17055006950262044,,1.7614742695116095,0.9688104720786664,-1.514846920967102,3.072319507598877,335.0,1.296109907965099,2.6538197416954135,-18.231852747750207,0.5677062772408605,1.7753959669425597e-07,-1.3587764877064762e-08,-1.583799579206276e-09,499029154078.0543,6740413117603.992,0.013966717877213243,7.095173895343965,-1.3537510711553033e-08,1.945154480656496e-07,2.6678619553310387e-08,1.3,vp_beyond_range;not_saturated;te_nonexponential
13,down,222.32200622558594,17.883987426757812,1457,0,0,-9.981082916259766,9.992658615112305,1.2423066728248326e-09,1.8184649175075422e-09,-8.499402219909473e-09,3.957002796286395e-10,0.43205575830887566,0.434146348320062,,2.157026209992896,0.9945168361820867,0.43901610374450684,4.6415934562683105,307.0,1.9041542716341282,2.514076091256372,-18.714222623564503,0.46360122810157856,1.9576424890364278e-07,-1.2274975235812981e-08,-8.328437635531486e-09,497249680471.4238,5502620442132.263,0.01548316075244551,11.590861172067484,-1.224264110847853e-08,1.911449423930868e-07,4.140864127305727e-08,1.3,vp_beyond_range;not_saturated;te_nonexponential
14,up,240.218994140625,17.85101318359375,1457,0,0,-9.98259162902832,9.992658615112305,1.1953197191530191e-09,1.749554154718062e-09,-5.447995516084435e-10,1.1139281988259717e-09,-1.5717077823603336,0.15424529576893053,,1.7940313973086814,0.9686022505436247,-1.1709790229797363,3.127368450164795,314.0,1.3120814717311629,2.6596901676368265,-18.462121016241877,0.557403845607246,1.4559214325801435e-07,-1.093357082931265e-08,-2.2955691706938523e-09,405500842648.3266,5374321546267.29,0.015636455284511217,7.709239837097182,-1.137852313545197e-08,1.5596424607540594e-07,2.1515937362721864e-08,1.26,vp_beyond_range;not_saturated;te_nonexponential
15,down,258.0820007324219,17.90399169921875,1457,0,0,-9.978821754455566,9.992658615112305,1.188541580482388e-09,1.7399615716284056e-09,-8.891284224876479e-09,2.0847288869243213e-10,0.9028387735457654,0.17490919002379024,,2.181583739223931,0.9955292000328608,0.9058014750480652,4.627265930175781,272.0,1.9654626170283964,2.521239502405968,-18.905789349795416,0.45838258785140035,1.5973492806514887e-07,-1.0887302030246877e-08,-8.70306681773186e-09,403443560530.0504,4853007593579.78,0.017286764597151186,12.188686078989457,-1.1155440806318902e-08,1.5288754025210023e-07,3.386421920000146e-08,1.26,vp_beyond_range;not_saturated
16,up,275.9859924316406,17.9420166015625,1457,0,0,-9.984100341796875,9.991905212402344,1.1601867977309002e-09,1.6980669278997937e-09,-1.9082732840550613e-09,8.5885299257991e-10,-1.1088691026224644,0.4313186836645687,,1.8116654549784643,0.9647910994816857,-0.9372093081474304,3.221630573272705,304.0,1.299036065026765,2.7136092300280876,-18.617189789085298,0.5519782900601189,1.2906253363095942e-07,-1.0134956039006961e-08,-2.860628831221764e-09,357709131034.6169,4957463340428.577,0.016729892738728536,8.263303656928622,-1.0569781435583329e-08,1.3557003695875197e-07,2.1229804199152923e-08,1.16,vp_beyond_range;not_saturated;te_nonexponential
17,down,293.93798828125,17.800018310546875,1457,0,0,-9.979575157165527,9.991905212402344,1.1620937823665269e-09,1.701243403807043e-09,-8.412855677328411e-09,1.6545801851390125e-10,1.2244753173747107,0.2166190878400442,,2.1268753697986207,0.994906613857857,1.2360955476760864,4.6280198097229,248.0,1.862834110251421,2.4290340420848886,-19.0989974432007,0.47017329468377983,1.3985211413283765e-07,-1.0171542727860444e-08,-8.21025641759641e-09,357739467634.1481,4591900305356.142,0.018126199719834257,12.22730332240709,-1.031826335922773e-08,1.3306143125922396e-07,2.9483025031191394e-08,1.16,vp_beyond_range;not_saturated;te_nonexponential
18,up,311.75201416015625,17.9019775390625,1457,0,0,-9.983345985412598,9.992658615112305,1.175275886152005e-09,1.7201516278349337e-09,-1.8267044949721412e-09,8.009374751393751e-10,-0.9074497439296556,0.17214202734701586,,1.7973210075556396,0.9669798179224891,-0.703439474105835,3.2238926887512207,287.0,1.2950332967649505,2.624614708584743,-18.767831201956387,0.5563836375339551,1.1515661203906051e-07,-9.468611550022573e-09,-2.553515001691032e-09,320438651473.8231,4649969651752.734,0.017605953302881287,8.390515805334578,-9.459369602239874e-09,1.2117817835302204e-07,1.8371696586663254e-08,1.22,vp_beyond_range;not_saturated;te_nonexponential
19,down,329.6659851074219,17.97900390625,1457,0,0,-9.979575157165527,9.993412971496582,1.2087996585970412e-09,1.7694847307057203e-09,-8.2885507995844e-09,1.647457768899447e-10,1.4301645173318775,0.15695580988873745,,2.1069006848669414,0.995028802693542,1.4412097930908203,4.627265930175781,233.0,1.876692150951788,2.4596501437802827,-19.218733143132543,0.47463082013434044,1.2558777720066013e-07,-9.776814920046965e-09,-8.052937235096126e-09,322770758706.6064,4434575011177.777,0.018993023635206246,12.329658765305052,-9.711370579976579e-09,1.1891466468847014e-07,2.6928773915237237e-08,1.22,vp_beyond_range;not_saturated;te_nonexponential
20,up,347.6449890136719,17.88702392578125,1457,0,0,-9.98259162902832,9.992658615112305,1.1849502885672071e-09,1.7343767255559942e-09,-2.40693721021119e-09,6.71306890515809e-10,-0.8859422948426855,0.23557420790346104,8.31554889678955,1.6065856312487532,0.974848522943559,-0.7313411235809326,2.6175994873046875,245.0,1.207299160347332,2.23208597047789,-18.871558556836938,0.6224380329000755,9.02226112148496e-08,-8.790823465275862e-09,-3.0016763773384735e-09,265541432882.24643,4566192992873.114,0.01828542083998149,7.425304159461836,-8.637611439048303e-09,1.151131238612002e-07,1.746302227759171e-08,1.2,te_nonexponential
21,down,365.54400634765625,17.936981201171875,1457,0,0,-9.983345985412598,9.993412971496582,1.2000968005574954e-09,1.756413567276645e-09,-9.319355758147291e-09,1.861545275604772e-12,1.5270053589956831,0.35357403585500485,,2.2170920527035305,0.9958833965352195,1.5384881496429443,4.600118160247803,224.0,1.9907391775943346,2.5488260982279076,-19.139437635525805,0.45104126316297793,1.222970832752236e-07,-9.362368760464654e-09,-9.31651316853543e-09,306403045905.2774,4139715772279.8213,0.019996983652067767,12.996545546266203,-9.457141365512258e-09,1.1299597555033029e-07,2.734299832185173e-08,1.2,vp_beyond_range;not_saturated
22,up,383.489990234375,17.91400146484375,1457,0,0,-9.984100341796875,9.992658615112305,1.189925388941891e-09,1.7415270969921616e-09,-1.362564929337168e-09,7.886255172276843e-10,-0.6696338122705902,0.2712886641789299,,1.7996678570596158,0.9663465315700391,-0.31885048747062683,3.455400228500366,276.0,1.2963616592871232,2.6451262102477875,-18.985396202748127,0.5556580877283924,1.0471831691662841e-07,-8.946559650307122e-09,-1.8906552408922082e-09,291202644613.213,4390727915665.652,0.01848066908789619,8.640472543085348,-9.1605941101677e-09,1.110839746009534e-07,1.7975694197597338e-08,1.1,vp_beyond_range;not_saturated;te_nonexponential
23,down,401.4049987792969,17.906005859375,1457,0,0,-9.983345985412598,9.993412971496582,1.1873962155573194e-09,1.7378255002171407e-09,-8.611008289570149e-09,9.872912032851877e-11,1.5801417047548747,0.16820706200302357,,2.148431543800598,0.9950724739670201,1.5807174444198608,4.625757217407227,223.0,1.896161941947717,2.5115816683028496,-19.258758318045725,0.46545583585641714,1.1711386885303583e-07,-9.438576234697097e-09,-8.455002289065294e-09,298068724691.47375,4239575478719.8545,0.01995821622670111,12.694484882870837,-9.40843370636597e-09,1.0947096307917389e-07,2.528562803327283e-08,1.1,vp_beyond_range;not_saturated;te_nonexponential
24,up,419.31201171875,17.90997314453125,1457,0,0,-9.98636245727539,9.992658615112305,1.1802111536710918e-09,1.7271141578279509e-09,-1.7692961714293844e-09,7.510101345230677e-10,-0.6099655155289122,0.3367404038108035,,1.8499727885703616,0.9651291600252656,-0.2517358958721161,3.373958110809326,265.0,1.3235219629515518,2.70226340550799,-18.94058607535507,0.5405484914039135,1.019495589378294e-07,-8.811558835943315e-09,-2.2273864553011853e-09,279622118957.4062,4265271874628.4707,0.01912124107739589,8.960380117161868,-9.072639986167051e-09,1.0753986929436753e-07,1.7156902213170626e-08,1.16,vp_beyond_range;not_saturated;te_nonexponential
25,down,437.2229919433594,17.8380126953125,1457,0,0,-9.981082916259766,9.993412971496582,1.2067158602423103e-09,1.7663010532764327e-09,-8.906474198064628e-09,4.0215548948895955e-11,1.6315091049353743,0.2958639880629814,,2.1599441244790825,0.9962523811328649,1.6335042715072632,4.560151100158691,214.0,1.9221636455980928,2.432343511470931,-19.250115258593993,0.46297493933606815,1.141113128411527e-07,-9.310454022699533e-09,-8.84086216379453e-09,289651835568.26965,4170866077022.538,0.020300291951792306,12.805409578649442,-9.329782713996951e-09,1.0559911732705451e-07,2.2026801710225465e-08,1.16,vp_beyond_range;not_saturated
26,up,455.06201171875,17.878997802734375,1457,0,0,-9.985608100891113,9.993412971496582,1.3782578577258635e-09,2.0169345560000925e-09,-1.8336366975439478e-09,7.17736841981355e-10,-0.6328019247372006,0.5079927566105078,,1.5430559667998331,0.9753716536707971,-0.1831132024526596,2.4524526596069336,193.0,1.1566984868408254,2.1179612583835827,-19.055754456374107,0.6480646337630351,7.514634966424024e-08,-8.723065917730238e-09,-2.2878219526045492e-09,225676267978.3738,4623330699273.266,0.019438693030233878,7.349790589108614,-8.57381161628576e-09,4.1737106167676504e-08,1.3544488265549981e-08,,vp_beyond_range;not_saturated;te_nonexponential;hysteresis_unresolved
27,down,472.9410095214844,17.915985107421875,1457,0,0,-9.978821754455566,9.992658615112305,1.2101412288836185e-09,1.7715823064819328e-09,-1.1754348522325592e-08,-1.9287298033880066e-09,9.058711958534584,0.04875591688033039,,,,,,0.0,,,,,5.5309521278543734e-08,6.605590546608231e-09,-2.9226156257058584e-08,,,,,6.980492497608115e-09,2.4645644763126754e-08,4.2886772734402856e-08,,vp_beyond_range;not_saturated;te_insufficient;ion_current_positive;hysteresis_unresolved
28,up,490.8689880371094,17.975006103515625,1457,0,0,-9.983345985412598,9.992658615112305,1.1268906514438603e-09,1.6493342638210294e-09,-9.198539244552139e-09,-1.676125236759166e-09,6.746359309009086,0.10937094053067614,,1.7901275558585754,0.9974176675609265,6.750800132751465,6.847324848175049,8.0,1.717356919190142,1.7676133850776634,-21.472059551367007,0.5586194105147905,7.248198169136008e-08,6.6591214373628666e-09,-2.0506282338627396e-08,202095624623.2411,,0.02212497055644622,16.007111435752563,7.1846459134610856e-09,4.6858068584206654e-08,2.2154111654089056e-08,,vp_beyond_range;not_saturated;ion_current_positive;hysteresis_unresolved
29,down,508.8529968261719,17.810028076171875,1457,0,0,-9.980329513549805,9.992658615112305,1.1706394677818123e-09,1.7136244609843225e-09,-8.560599956088531e-09,3.5263515773366324e-10,1.484199778134172,0.375480674332023,3.736678123474121,,,,,0.0,,,,,2.2081714548500665e-08,-1.1917233421825104e-08,-8.037218933217919e-09,,,,,-1.2370044331148154e-08,5.1217343058996184e-08,1.2407228158318332e-08,,te_insufficient;hysteresis_unresolved
30,up,526.6749877929688,17.93902587890625,1457,0,0,-9.985608100891113,9.992658615112305,1.2006375295210093e-09,1.757072340313704e-09,-1.0549842962544618e-09,1.101687666655178e-09,-1.337034972743293,0.19783602515649573,,1.8018718769185167,0.9674010596043321,-1.087274432182312,3.4011054039001465,328.0,1.3021326958067367,2.6585098063995285,-18.47303852853676,0.554978415951614,1.6423698364140946e-07,-1.162716574567999e-08,-2.5279792356123897e-09,456433853235.322,5702805419062.027,0.014770397987617341,7.984473297257722,-1.2028944432101938e-08,1.7397894003727677e-07,2.5524690674326995e-08,0.96,vp_beyond_range;not_saturated;te_nonexponential
31,down,544.614013671875,17.9169921875,1457,0,0,-9.978821754455566,9.992658615112305,1.2193021015845842e-09,1.784993336204419e-09,-7.748284314222885e-09,6.00897049730925e-10,0.5287197369047965,0.1688965649110861,,2.103324062804614,0.994847362937298,0.5347862243652344,4.61444616317749,298.0,1.8379159593093188,2.428250750229369,-18.87639003747109,0.4754379116770909,1.7303300832057933e-07,-1.3283442764943253e-08,-7.430578184182282e-09,445086789837.0303,6030234449117.187,0.016160318314093217,11.40971127524599,-1.3202606535608442e-08,1.7117645328737774e-07,3.6097341607605766e-08,0.96,vp_beyond_range;not_saturated;te_nonexponential
32,up,562.531982421875,17.863037109375,1457,0,0,-9.985608100891113,9.991905212402344,1.198386520061307e-09,1.753844241164345e-09,3.022888682849948e-10,1.3292361525410021e-09,-1.63360049945128,0.17015061019492134,,1.75686602759587,0.9658619416377072,-1.1860610246658325,3.331728458404541,330.0,1.259807235607693,2.628086334179032,-18.42693238706338,0.5691953650947532,1.707573498050739e-07,-1.2408679760431844e-08,-1.8691519743946842e-09,480594642045.2228,6163578020488.722,0.01421343436033015,7.455081895395438,-1.2548947393530531e-08,1.8408363058161793e-07,2.694538948881174e-08,1.04,vp_beyond_range;not_saturated;te_nonexponential
33,down,580.4010009765625,18.0059814453125,1457,0,0,-9.978066444396973,9.992658615112305,1.2453550776044623e-09,1.8232024579883793e-09,-8.589575724139828e-09,5.111859423414075e-10,0.4748407878416541,0.17354750623050072,,2.187719896916836,0.9960896950576117,0.4812454879283905,4.585790157318115,300.0,1.9441199543751737,2.463346138317819,-18.72726990476092,0.45709690779395695,1.8502058467669745e-07,-1.3330143967530428e-08,-8.346843788544856e-09,466651893187.8542,5933563920903.733,0.01609602027253817,11.792431884513313,-1.3710530671014705e-08,1.814423594898895e-07,3.763388315193905e-08,1.04,vp_beyond_range;not_saturated
34,up,598.4140014648438,17.8380126953125,1457,0,0,-9.984100341796875,9.991905212402344,1.2135968914269906e-09,1.776238748074562e-09,6.412437878034342e-10,1.3655582970666882e-09,-1.5468559386125065,0.2759074699992175,,1.749371791029623,0.956958833572153,-1.088782548904419,3.3045811653137207,321.0,1.2102389696552014,2.8268060960429704,-18.363858519953364,0.5716337745513964,1.7899599631493694e-07,-1.229414872186359e-08,-1.4710781735357535e-09,504860157955.51746,6119755151853.435,0.013838043078150728,7.503057002631837,-1.2700740513895123e-08,1.930171201016813e-07,3.2677756694908985e-08,1.18,vp_beyond_range;not_saturated;te_nonexponential
35,down,616.2680053710938,17.85400390625,1457,0,0,-9.980329513549805,9.992658615112305,1.203885036748859e-09,1.7622905292053288e-09,-8.591166479993021e-09,4.459045207261254e-10,0.5248850551798273,0.21852578509470616,,2.212322810996991,0.9954926843462444,0.5370485186576843,4.738117218017578,307.0,1.9556161947539121,2.52149276540898,-18.729569166080967,0.4520136008313121,1.925395019167859e-07,-1.2773502581562855e-08,-8.357117861026755e-09,482908040711.62946,5654085807825.724,0.015911502756210723,11.969752830067081,-1.2839904642088566e-08,1.883197073280159e-07,4.460383629485852e-08,1.18,vp_beyond_range;not_saturated
36,up,634.1229858398438,17.92901611328125,1457,0,0,-9.983345985412598,9.993412971496582,1.194860676006228e-09,1.7487501852915217e-09,1.4460946587075994e-09,1.441100400550965e-09,-1.5098314206128107,0.2027728092564493,,1.7153380057893677,0.951981881624832,-0.8157997727394104,3.373203992843628,306.0,1.1575098219498854,2.693022621523444,-18.566986035235303,0.582975481581438,1.5793582166767208e-07,-1.2276744102529145e-08,-7.297240063019548e-10,449857153088.9116,6171418415607.901,0.014516325836285413,7.364016721219146,-1.3066375105732792e-08,1.7350413842140753e-07,2.5535818248167246e-08,1.4,vp_beyond_range;not_saturated;te_nonexponential
37,down,652.0709838867188,17.9530029296875,1457,0,0,-9.98259162902832,9.993412971496582,1.240392069156008e-09,1.8154566617529412e-09,-9.092357672852054e-09,1.3594427046893845e-10,1.2319667390220845,0.45743244191432353,6.893324375152588,2.2066266234546186,0.9982131830611654,1.2368496656417847,3.8580875396728516,192.0,2.0527627334696437,2.387111411890511,-19.06936463287568,0.4531804290634518,9.70283838983835e-08,-1.04396103982269e-08,-8.9248788532737e-09,243670644709.39148,4626968129960.67,0.022370824396668803,12.647366792056381,-1.0617243925333219e-08,1.7052538267532074e-07,3.991108397095191e-08,1.4,
38,up,670.0369873046875,17.885986328125,1457,0,0,-9.985608100891113,9.991905212402344,1.2487270279318414e-09,1.8275178083716167e-09,-2.0460135483360616e-09,7.774951229438829e-10,-0.9895980092424809,0.17011031418077577,,2.115904323416614,0.9750271288617853,-0.8120294213294983,3.538350820541382,318.0,1.5776431010564,2.9120527413309536,-18.737078535613797,0.47261116154121285,1.088748157458017e-07,-9.366784050758505e-09,-2.8154211741970663e-09,279221117855.4405,4239543917820.3394,0.020464118893547004,9.956474184852144,-1.0085475015819455e-08,1.1444736477805526e-07,1.968023949639536e-08,1.18,vp_beyond_range;not_saturated;te_nonexponential
39,down,687.9420166015625,17.81500244140625,1457,0,0,-9.978821754455566,9.992658615112305,1.2149845538316159e-09,1.7786726762483858e-09,-7.674891671103285e-09,2.2479270612538983e-10,1.4624578002703652,0.24970135276883643,,2.236408798992523,0.9928068857851937,1.470619559288025,4.958313941955566,255.0,1.9282720036699499,2.6820585346890926,-19.296761661719824,0.4471454415894306,1.1757628078972494e-07,-9.699298318141795e-09,-7.346141824586325e-09,293300608213.6182,4270132631740.0303,0.020527605008667855,13.031928072797719,-9.657847226045744e-09,1.1210511765518886e-07,2.7165953615983606e-08,1.18,vp_beyond_range;not_saturated;te_nonexponential
40,up,705.7579956054688,17.88299560546875,1457,0,0,-9.98259162902832,9.992658615112305,1.2590175666219445e-09,1.8427868119729946e-09,-3.798234664153859e-10,9.613026630798935e-10,-0.8214804109595548,0.20806045548619215,8.947482109069824,1.954137732703656,0.9807822881099044,-0.09865450114011765,3.333991050720215,251.0,1.5152850285592738,2.574600377956323,-19.110313647429585,0.5117346557841885,8.084433844603478e-08,-9.563962794312581e-09,-1.1695147731387713e-09,215745063625.58163,4504399860446.624,0.022373108027725058,9.287735049614446,-1.004076345132901e-08,1.0100005694442454e-07,1.7595498833153578e-08,1.26,te_nonexponential
41,down,723.6530151367188,17.92999267578125,1457,0,0,-9.978821754455566,9.992658615112305,1.1787621152422921e-09,1.7256449553751176e-09,-6.950092004878513e-09,2.589136365974697e-10,1.7680015918615513,0.3569965897197844,,2.141929277526574,0.993568320507882,1.7715039253234863,5.108378887176514,244.0,1.854643580621419,2.4879777133343834,-19.60229063919108,0.4668688226507486,1.0299079027376516e-07,-9.457261910564927e-09,-6.492332283219523e-09,262521373876.2123,4254411527773.063,0.02123437082878854,12.848707012696616,-9.554273269558018e-09,9.85793179121019e-08,2.4893927267122373e-08,1.26,vp_beyond_range;not_saturated;te_nonexponential
42,up,741.5830078125,17.7960205078125,1457,0,0,-9.985608100891113,9.993412971496582,1.2224008730806996e-09,1.788854348539137e-09,-1.384322680055929e-09,7.334628448054089e-10,-0.5295907725868276,0.4888045768041045,8.867547988891602,2.0212155009161443,0.9811384601406662,0.09288600087165833,3.3588762283325195,239.0,1.5862284318701447,2.596223163390245,-19.25083221089384,0.4947517964050523,6.860607050220892e-08,-8.477349164366748e-09,-1.772757834700158e-09,180021790363.17343,3925820195498.913,0.02490938125761222,9.926633806191086,-8.84700631881043e-09,8.503656723372545e-08,1.560990229971433e-08,1.26,vf_multiple_crossings;te_nonexponential
43,down,759.3909912109375,17.97198486328125,1457,0,0,-9.978821754455566,9.991905212402344,1.1578604284772112e-09,1.6951099453906354e-09,-9.229253122812578e-09,-1.23091560192281e-10,2.2097728334293287,0.43140028511328893,,2.487511123057583,0.9963811284371515,2.210387706756592,4.928904056549072,199.0,2.234435040480348,2.7307042749454893,-19.33361741189442,0.40200825263881695,9.381562547899026e-08,-7.984348339766848e-09,-9.501257508549912e-09,221902146924.0961,3332986879517.251,0.024889772768370465,15.078254661868087,-8.414117934606879e-09,8.337965889789047e-08,2.1081444660623264e-08,1.26,vp_beyond_range;not_saturated
44,up,777.3660278320312,17.8709716796875,1457,0,0,-9.984853744506836,9.991905212402344,1.1950055016158016e-09,1.7489621462478595e-09,-2.1139634130780934e-09,5.751920201829558e-10,0.03009222856937813,0.19575825074541917,,2.059745676605946,0.983524863144477,0.4495733976364136,3.8550713062286377,249.0,1.6232520033585036,2.630693200273612,-19.504084251695556,0.48549683165147,6.510937768299509e-08,-7.599025196203501e-09,-2.0966546033354656e-09,169241001163.6953,3486002773121.5347,0.025934219075189915,10.685642495226551,-7.604216691946266e-09,6.863250572193637e-08,1.3742709295378985e-08,1.34,vp_beyond_range;not_saturated;te_nonexponential
45,down,795.2459716796875,17.94000244140625,1457,0,0,-9.979575157165527,9.992658615112305,1.1738912125356911e-09,1.7184493865760089e-09,-9.660951418273946e-09,-3.500019203946986e-10,2.7875562847549413,0.22699194547948112,,2.6529927445626655,0.9974908580685516,2.8023529052734375,4.873855113983154,152.0,2.392806966735114,2.7109094936238733,-19.36952126566183,0.37693280618633795,8.027375901447723e-08,-6.2933152285416256e-09,-1.0636601471146486e-08,183854562032.6805,2543830080150.0537,0.028239044248013368,16.51211357735533,-6.289688224376298e-09,6.718107737931084e-08,1.8307464926558828e-08,1.34,vp_beyond_range;not_saturated
46,up,813.2069702148438,17.8990478515625,1457,0,0,-9.987115859985352,9.991905212402344,2.4976015111491032e-09,3.6549755669571074e-09,-3.94374553676075e-09,1.4677548728678468e-10,-1.735843879492521,0.5537151390456748,8.919580459594727,1.901859643204963,0.9787887599128932,-1.1868151426315308,3.772874593734741,362.0,1.489772011027352,2.6674938474086676,-17.585488384561152,0.5258011565537122,4.4976900242649476e-07,-5.585348227957647e-09,-4.198524868027047e-09,1216659722434.8208,,0.009294452966745076,8.102924692018926,-6.017492048116876e-09,5.44018690328807e-07,2.9454300899149134e-07,0.44,te_nonexponential;iis_below_noise
47,down,831.1060180664062,17.78497314453125,1457,0,0,-9.980329513549805,9.992658615112305,2.500701677359251e-09,3.6606177067199642e-09,-6.405585275556086e-09,1.682969087033983e-09,-1.6465877565026876,0.3146711092038534,,2.3598202246961417,0.9836817218024558,-1.4816666841506958,4.805985927581787,459.0,1.8586368584999289,3.059518348917072,-17.523477885842784,0.4237610939743358,5.195270762280104e-07,-2.2329668486554365e-08,-9.176741568838748e-09,1261646155289.7373,9570165752859.97,0.010166930229875333,10.561318933200022,-2.3051147661849343e-08,5.296240851373852e-07,3.2275140907738655e-07,0.44,vp_beyond_range;not_saturated;te_nonexponential
48,up,848.9030151367188,17.885986328125,1457,0,0,-9.983345985412598,9.991905212402344,2.251420537800548e-09,3.2953375609494625e-09,9.541878290566326e-09,3.2416128360434485e-09,-3.678392200723772,0.20876396774501482,,2.1132119617521163,0.9727920038275782,-2.1595990657806396,3.3196630477905273,400.0,1.5730152870079852,2.992210765774012,-17.101973723772005,0.4732132971511648,4.773962623046105e-07,-2.1321454762739724e-08,-2.382045083301962e-09,1225113500342.4434,9656548961472.69,0.009763432664417664,7.25375177136854,-2.236787035437843e-08,5.187095732692193e-07,8.465911961193836e-08,0.78,vp_beyond_range;not_saturated;te_nonexponential
49,down,866.801025390625,17.9959716796875,1457,0,0,-9.979575157165527,9.992658615112305,2.0459272001609645e-09,2.9950154703870272e-09,-5.2954217236320646e-09,1.7933534985172317e-09,-1.8405174807220932,0.33298737977166654,,2.2407483907045513,0.9831772360164175,-1.5789450407028198,4.312807559967041,430.0,1.7659062054276624,2.906655414242972,-17.455919796342855,0.4462794681225111,4.991049460881511e-07,-2.2110207137721916e-08,-8.596120186767152e-09,1243838996304.1365,9724626013856.205,0.009977773256098582,9.751402523415077,-2.2596133684800262e-08,5.11389099089866e-07,1.0280392491474344e-07,0.78,vp_beyond_range;not_saturated;te_nonexponential
50,up,884.801025390625,17.82696533203125,1457,0,0,-9.983345985412598,9.991905212402344,2.5479674732011757e-09,3.729384527477008e-09,1.0034311683012239e-08,3.299589586173419e-09,-3.680796725286953,0.34284662297041796,,2.116100022553145,0.9755883808436318,-2.241795539855957,3.2781875133514404,403.0,1.5977385203654244,2.9462057667332844,-17.041860392135273,0.4725674539682046,4.97199988861979e-07,-2.1279384112643697e-08,-2.110806860565815e-09,1275063623072.2378,9630916152349.842,0.009576820250519274,7.266287866605193,-2.2397035346300986e-08,5.395640171184899e-07,9.11815777268625e-08,0.8,vp_beyond_range;not_saturated;te_nonexponential
51,down,902.6400146484375,17.93701171875,1457,0,0,-9.978821754455566,9.992658615112305,2.334425482501868e-09,3.417474573952053e-09,-5.180819609081271e-09,1.8389510993633516e-09,-1.9608517125434246,0.2776792053526979,,2.2343628951820618,0.9848685206617034,-1.702616810798645,4.271332263946533,436.0,1.7789956750545572,2.900226637630966,-17.40466449401492,0.44755487219927065,5.200147046368439e-07,-2.2646360947230366e-08,-8.786730021551512e-09,1297799524075.4844,9974662579325.457,0.009754212622751411,9.598034616956049,-2.3300483883929185e-08,5.328645976820135e-07,1.242659051043641e-07,0.8,vp_beyond_range;not_saturated;te_nonexponential
52,up,920.6279907226562,17.87200927734375,1457,0,0,-9.987115859985352,9.991905212402344,2.732743709035376e-09,3.999081295672617e-09,9.335881462276916e-09,3.2245460630342323e-09,-3.788875767723112,0.32712261565624756,,2.1158659959466206,0.9730257700565682,-2.2960903644561768,3.25104022026062,405.0,1.5758290978374456,2.9906630706347563,-16.984888009758166,0.47261972257019447,5.165424314721648e-07,-2.1325648744541394e-08,-2.8815229778604488e-09,1324740349285.9773,9652388995185.387,0.009395023384944896,7.15699814932802,-2.2632050721699358e-08,5.574751747670957e-07,8.64867645837849e-08,0.82,vp_beyond_range;not_saturated;te_nonexponential
53,down,938.5040283203125,17.9659423828125,1457,0,0,-9.978821754455566,9.992658615112305,2.4649548371623134e-09,3.608562597129544e-09,-1.1763907881209012e-10,2.409748910129218e-09,-1.5654367697995675,0.35576424829476777,,1.9224129040659008,0.9679857566345306,-0.4922926127910614,4.3535284996032715,354.0,1.4364058519553706,2.4121546366289537,-17.72147419904093,0.5201796127590494,5.251473564715197e-07,-2.294194903342521e-08,-3.889948628712802e-09,1412949657670.4446,10893905856746.965,0.00867119914174872,8.37965866853571,-2.3365096814942405e-08,5.486570396105069e-07,1.1608860897413795e-07,0.82,vp_beyond_range;not_saturated;te_nonexponential
54,up,956.4849853515625,17.83502197265625,1457,0,0,-9.983345985412598,9.991905212402344,3.627295328638533e-09,5.3091647430720945e-09,7.171976989947667e-09,3.109098442622422e-09,-3.977945619257193,0.4025223950863473,,2.3032534457876173,0.9791580346383734,-2.488384962081909,3.496875762939453,437.0,1.7713578345545993,3.0544611472332184,-16.573527841012414,0.43416845932820974,7.948727050695087e-07,-2.2115981755004325e-08,-5.195847539721559e-09,1953869532084.8582,9594271453593.963,0.008071277005210228,7.937327779389955,-2.317587777397497e-08,8.325126346776308e-07,1.3260733355836058e-07,0.54,vp_beyond_range;not_saturated;te_nonexponential
55,down,974.3319702148438,17.85504150390625,1457,0,0,-9.978821754455566,9.991905212402344,3.6023628418736784e-09,5.273866288181841e-09,-5.6011215616148e-09,2.8740743747539964e-09,-2.5349855054104906,0.27193710378163316,,2.3749470435856415,0.9813438189466905,-2.153566360473633,4.163496494293213,461.0,1.8405834107195307,3.128238735374666,-16.800620828596116,0.4210620201830785,8.003295720686841e-07,-3.1967005582445076e-08,-1.28868584430879e-08,1937361837173.2998,13656884469548.033,0.008230775627004411,9.751175786732889,-3.187339575251765e-08,8.229105980160666e-07,1.5519573487079966e-07,0.54,vp_beyond_range;not_saturated;te_nonexponential
56,up,992.2999877929688,17.92401123046875,1457,0,0,-9.984853744506836,9.992658615112305,4.054505750027243e-09,5.933788290232478e-09,2.0234164762683594e-08,5.119638500639411e-09,-4.134770124853573,0.6686938153248434,,2.180846951211538,0.9737853484088025,-2.0909762382507324,3.2781875133514404,392.0,1.625956676267476,3.013241158717015,-16.92796793302367,0.45853745006932495,5.391821908584662e-07,-2.8579428537020928e-08,-9.343635598103848e-10,1362046034742.2378,12741412908850.83,0.009406669146842853,7.147265602398165,-3.0362855114149464e-08,6.095906790065891e-07,9.231431318389116e-08,-1.74,vp_beyond_range;not_saturated;te_nonexponential
57,down,1010.2360229492188,17.90191650390625,1457,0,0,-9.980329513549805,9.992658615112305,6.7020489845784485e-09,9.81070209468569e-09,-4.437568087330193e-09,1.1075879967800776e-08,-3.0229377120598118,0.3503027178686272,7.32014274597168,2.6674970995608276,0.9955384915600333,-3.018514394760132,0.88091641664505,285.0,2.416039739757029,3.046215089834631,-15.954023342750917,0.3748832567295531,5.156937116257599e-07,-1.0810331992344898e-07,-3.7919263336242975e-08,1177900752138.834,43577639057342.23,0.011187081357170997,10.776654030435882,-1.1120085208175882e-07,6.006158906188314e-07,1.214201080855675e-07,-1.74,
58,up,1028.14404296875,17.7979736328125,1260,197,197,-9.983345985412598,9.993412971496582,8.858856495698796e-09,1.1211211017633404e-08,7.537596926969391e-08,1.8660107250550556e-08,-4.664537608055273,0.2642494528598389,,1.7464023957555115,0.9832309831557228,-2.8888099193573,1.8378642797470093,345.0,1.381262983073591,2.3289329017679963,-14.970099407910334,0.5726057192949451,,-1.0110905540704598e-07,-1.1664802770844043e-08,,50372619702762.28,,4.370013950973666,-1.0693508642361657e-07,2.617968075101071e-06,4.593869215832331e-07,,overrange_event;top_of_sweep_unreliable;te_nonexponential
59,down,1045.9439697265625,17.6690673828125,1283,174,174,-9.978821754455566,9.991905212402344,1.2206166719996491e-08,1.5734306582598438e-08,-6.660239857863893e-08,-5.618271922096664e-09,-3.132114842918602,0.45867208151637423,,2.138853523250815,0.9975516398471315,-2.9099245071411133,2.5821571350097656,401.0,1.9748115222828302,2.150261462452566,-15.290299684892174,0.46754019811516284,,-1.3821108056037733e-08,-4.900532569988715e-08,,,,7.9326789754960885,-1.399576502596031e-08,2.616186669473706e-06,1.107681185330644e-06,,overrange_event;top_of_sweep_unreliable;iis_below_noise
60,up,1063.614013671875,17.8829345703125,1457,0,0,-9.983345985412598,9.992658615112305,1.753218556982046e-09,2.566037294117536e-09,7.534055062692905e-09,2.1561231120053722e-09,-4.17108979309798,0.24725220113371235,,2.2638511372233125,0.9704414890628337,-2.6414663791656494,3.140188217163086,422.0,1.6636488473587567,3.1692905574359833,-17.306039756028163,0.44172515743527757,3.2525803214507207e-07,-1.3001246993411772e-08,-1.4593280424553547e-09,806441629742.0403,5689023395666.042,0.01245536995471685,7.540346168579222,-1.3698768286823779e-08,3.5391962662958355e-07,5.483087122692827e-08,0.94,vp_beyond_range;not_saturated;te_nonexponential
61,down,1081.509033203125,18.093994140625,1457,0,0,-9.981837272644043,9.992658615112305,1.6493423996737717e-09,2.414184907764683e-09,-3.838165095762566e-09,1.4774402352498744e-09,-1.6284534757417737,0.26694258541228155,,2.261895551469114,0.9752382128631465,-1.5246500968933105,4.381430149078369,431.0,1.6817993334939698,3.0079862890231617,-17.84299618505057,0.44210706340993255,3.3815978533661875e-07,-1.7719951639191358e-08,-6.2441077820559685e-09,838792478168.8965,7757162740760.794,0.0122075406087263,10.07286577951808,-1.8327032557580302e-08,3.488066442382568e-07,7.065886084278686e-08,0.94,vp_beyond_range;not_saturated;te_nonexponential
62,up,1099.6099853515625,17.748046875,1457,0,0,-9.98259162902832,9.992658615112305,1.6744555220700047e-09,2.450851072384217e-09,5.578149033288122e-09,2.3231770957357174e-09,-3.3360371067939982,0.3757303807171427,,2.207890341051044,0.9721007135365585,-2.309664249420166,3.2781875133514404,408.0,1.6323854158842357,3.0828911644057984,-17.399476383470375,0.4529210447670875,3.294901316022944e-07,-1.6352089474469133e-08,-2.172055963740145e-09,827222814113.8192,7245379679899.725,0.012144976146389892,8.085900455469963,-1.7291253060308634e-08,3.57836262958657e-07,5.465204510255789e-08,0.84,vp_beyond_range;not_saturated;te_nonexponential
63,down,1117.3680419921875,18.0009765625,1457,0,0,-9.979575157165527,9.992658615112305,1.5487975924869885e-09,2.267271655429266e-09,-6.495931067000687e-09,1.1593062983752176e-09,-1.5365708690955262,0.2318559196760273,,2.413333318210822,0.9816863633808076,-1.5359615087509155,4.310545444488525,427.0,1.8710025261341383,3.124890220593589,-17.693118563963505,0.41436464348048374,3.480351020314593e-07,-1.7534266882161414e-08,-8.277287353443012e-09,835763181872.0583,7431142712115.204,0.012632409770652836,10.948171676774436,-1.7632556303152593e-08,3.529042922639304e-07,7.020979748415277e-08,0.84,vp_beyond_range;not_saturated;te_nonexponential
64,up,1135.3719482421875,17.8590087890625,1457,0,0,-9.983345985412598,9.992658615112305,1.65960085654662e-09,2.4290170066296212e-09,4.85905984130605e-09,2.218243905043877e-09,-3.301116512422272,0.36799080753275026,,2.215001405657467,0.9723750370684273,-2.364713191986084,3.2781875133514404,412.0,1.6440281027347186,3.0640559104037695,-17.368847003447783,0.451466982118314,3.361861701385661e-07,-1.62537402456991e-08,-2.463621742214355e-09,842678050732.3812,7190232861079.933,0.012052449769471877,8.15760826450794,-1.7042411425662422e-08,3.6278482878661415e-07,5.4633063031216136e-08,0.84,vp_beyond_range;not_saturated;te_nonexponential
65,down,1153.280029296875,17.866943359375,1457,0,0,-9.980329513549805,9.992658615112305,1.5567041776943526e-09,2.2787599690861654e-09,-4.538691702398994e-09,1.3937878537244675e-09,-1.5936943167790856,0.24040120824963696,,2.2828394766600058,0.9773647735586124,-1.5502893924713135,4.3535284996032715,431.0,1.7212961443767905,3.0350148691589167,-17.78796191249141,0.43805094936551897,3.484138138911267e-07,-1.7969222971467062e-08,-6.759963483675397e-09,860253641910.8252,7830117051796.194,0.012109984720424632,10.215972804038808,-1.831247071688906e-08,3.575400069175979e-07,7.129902064990297e-08,0.84,vp_beyond_range;not_saturated;te_nonexponential
66,up,1171.156982421875,18.071044921875,1457,0,0,-9.987870216369629,9.992658615112305,1.6911115225433998e-09,2.474576045630361e-09,4.936497541099824e-09,2.2503296701724725e-09,-3.3358860182770456,0.7172961064061689,,2.190362829265435,0.9717437527567121,-2.3247461318969727,3.2646141052246094,408.0,1.6203297134603614,3.081125800398806,-17.361364529012633,0.4565453662009788,3.412556839821432e-07,-1.6353562484663717e-08,-2.570345742142523e-09,860182701899.0754,7274966335301.472,0.011862653526702384,7.995377590885706,-1.7350732034278012e-08,3.68247930073878e-07,5.661484451915588e-08,0.84,vp_beyond_range;not_saturated;te_nonexponential
67,down,1189.239990234375,17.81005859375,1457,0,0,-9.979575157165527,9.992658615112305,1.5850354513382946e-09,2.3203199495546994e-09,-6.273868375100651e-09,1.2018656186627315e-09,-1.5662135545710447,0.22909123323013197,,2.3740048028354153,0.9805417181469129,-1.5638631582260132,4.312053680419922,429.0,1.826818920036774,3.1034776465852425,-17.6886144709821,0.42122913938743534,3.587769357810611e-07,-1.7552480597949103e-08,-8.156246597823135e-09,868665475493.384,7500225979562.618,0.012289485008432079,10.715073303902509,-1.7545255923570984e-08,3.6428632057087515e-07,7.378861259092508e-08,0.84,vp_beyond_range;not_saturated;te_nonexponential
68,up,1207.050048828125,17.906982421875,1457,0,0,-9.984853744506836,9.992658615112305,1.7438179789592583e-09,2.552085837780791e-09,5.909849450756566e-09,2.382156154136146e-09,-3.3090906985773954,0.23683997563299114,,2.1908939708333266,0.9709890675451704,-2.200320243835449,3.263859987258911,399.0,1.6132606572667083,3.048658191382765,-17.370249191363975,0.4564346852529978,3.4200191146904705e-07,-1.6856426240225968e-08,-1.9729213214542546e-09,861959170695.8104,7497758850389.312,0.011851859675974616,8.024920631209152,-1.7629394593916072e-08,3.7125416552332783e-07,5.5671189102333697e-08,0.84,vp_beyond_range;not_saturated;te_nonexponential
69,down,1224.9599609375,17.9119873046875,1457,0,0,-9.978821754455566,9.992658615112305,1.6568157238335293e-09,2.4254899770271517e-09,-6.0632678191781465e-09,1.2388327785126841e-09,-1.6219135449314563,0.23978564681370174,,2.3649378124002065,0.9808600994987224,-1.6204203367233276,4.3112993240356445,433.0,1.8215049996760966,3.070279073763142,-17.688309044749715,0.4228440996446696,3.6075639394402976e-07,-1.7722335871381504e-08,-8.07254748255294e-09,875130894629.647,7587308522560.116,0.01222059981738157,10.612467633172438,-1.7877401746709145e-08,3.668406781888144e-07,7.530145614251142e-08,0.84,vp_beyond_range;not_saturated;te_nonexponential
70,up,1242.8990478515625,17.9208984375,1457,0,0,-9.985608100891113,9.992658615112305,1.6082887116802405e-09,2.3536492413821915e-09,6.266483582790443e-09,2.4254511067829977e-09,-3.316667344358459,0.37430319206847296,,2.199672835884473,0.9741736600400814,-2.3398280143737793,3.208810806274414,405.0,1.6516101592091081,2.9874224468316197,-17.552179011413408,0.45461306049083755,2.782874793585858e-07,-1.6909860224538686e-08,-1.7779308984148065e-09,699976504471.1361,7506502190323.116,0.013178211779975609,8.062759125218953,-1.740445794795078e-08,3.083206085419562e-07,4.754177854386592e-08,0.88,vp_beyond_range;not_saturated;te_nonexponential
71,down,1260.83203125,17.9039306640625,1457,0,0,-9.981837272644043,9.992658615112305,1.5648827668639887e-09,2.2905591700858024e-09,-6.090185525436925e-09,9.425137722598493e-10,-1.4592541909114856,0.4000554448542158,,2.4039953212900604,0.9820522368906794,-1.4552732706069946,4.297725677490234,420.0,1.8662786639304134,3.0632148550234857,-17.844758626628888,0.4159741872806009,3.021773673583061e-07,-1.5038011982748357e-08,-7.465552697598903e-09,727049475610.8011,6385578691612.181,0.013517737054859851,10.977180694110258,-1.5521787535936817e-08,3.0532700340821003e-07,6.3105817523969e-08,0.88,vp_beyond_range;not_saturated;te_nonexponential
72,up,1278.7359619140625,17.89404296875,1457,0,0,-9.983345985412598,9.993412971496582,1.6176111609672785e-09,2.367470847669287e-09,4.755670645784851e-09,1.9994893707047856e-09,-3.386620244820407,0.7122448389663141,,2.167035022143712,0.9727041900677184,-2.3111722469329834,3.2231385707855225,404.0,1.6156969473979375,3.0035725630700756,-17.549491456888546,0.46146000862079406,2.8379391895687205e-07,-1.4405331087924836e-08,-2.0158405363471905e-09,719182252479.8978,6442685371205.209,0.012904246555991695,7.823963115212756,-1.4760675501538676e-08,3.081438059105177e-07,4.6222021501696495e-08,0.88,vp_beyond_range;not_saturated;te_nonexponential
73,down,1296.6419677734375,17.989990234375,1457,0,0,-9.981082916259766,9.993412971496582,1.6020356569231874e-09,2.3449408112044077e-09,-9.25468447334112e-09,-1.6839315003955049e-09,0.1430010599453553,0.05102892636838342,0.3168523907661438,,,,,0.0,,,,,1.832658705207321e-08,6.706882493071662e-09,-9.49548846277305e-09,,,,,6.96715338773612e-09,3.042404479924454e-07,6.687092077175578e-08,0.88,te_insufficient;ion_current_positive
74,up,1314.637939453125,17.8980712890625,1457,0,0,-9.988624572753906,9.991905212402344,1.1606940848004695e-09,1.6984247361406805e-09,-9.788890564261685e-09,-1.7813493349213135e-09,,,,,,,,,,,,,,,,,,,,7.581369442247297e-09,8.606669614108294e-09,5.214287014557678e-09,,no_plasma_signal
75,down,1332.5469970703125,17.9310302734375,1457,0,0,-9.981837272644043,9.991905212402344,1.1897809717110921e-09,1.741578710474177e-09,-9.513222340228692e-09,-1.6809080189389775e-09,,,,,,,,,,,,,,,,,,,,7.098674751311612e-09,8.271404738167283e-09,5.110054158441418e-09,,no_plasma_signal
76,up,1350.4930419921875,17.8759765625,1457,0,0,-9.985608100891113,9.991905212402344,1.168207474574686e-09,1.7096770678488112e-09,-8.889643169904199e-09,-1.6396356683952558e-09,,,,,,,,,,,,,,,,,,,,7.052961903078614e-09,7.338217493445795e-09,4.9666508343596775e-09,,no_plasma_signal
77,down,1368.387939453125,17.85400390625,1457,0,0,-9.978821754455566,9.992658615112305,1.1681679431777682e-09,1.710135651722477e-09,-9.621163956731626e-09,-1.6959273028654805e-09,,,,,,,,,,,,,,,,,,,,7.001052311491554e-09,7.272278372885838e-09,5.508713332752304e-09,,no_plasma_signal
78,up,1386.241943359375,17.8350830078125,1457,0,0,-9.984100341796875,9.991905212402344,1.1333666062337402e-09,1.6588124903640977e-09,-9.304050394053552e-09,-1.6944756039563414e-09,,,,,,,,,,,,,,,,,,,,7.434469336628317e-09,6.9372541842068055e-09,6.072554251097486e-09,,no_plasma_signal
79,down,1404.0780029296875,17.864990234375,1457,0,0,-9.983345985412598,9.993412971496582,1.159219245727596e-09,1.6965868167453736e-09,-8.604760625529751e-09,-1.5650533497469929e-09,,,,,,,,,,,,,,,,,,,,6.683105947056407e-09,6.709155925438809e-09,5.8750600290995156e-09,,no_plasma_signal
80,up,1421.9439697265625,11.594970703125,947,0,0,-9.98636245727539,3.004450798034668,1.3011224498589865e-09,1.9025983972516613e-09,,,,,,,,,,,,,,,,,,,,,,7.810750617057539e-09,-2.1762175824912895e-09,,,partial_sweep
